"District","District1","District2","District3","District4","Office","Name","Party","Picture","Bio"
"congress district 1","FEDERAL - LEGISLATIVE",,"U.S. House of Rep. - District 1",,"U.S. House of Rep. - District 1","Amish Shah","Democratic","/Custom/Picture/2535","/Custom/CandidateDetail/?id=5780"
"congress district 1","FEDERAL - LEGISLATIVE",,"U.S. House of Rep. - District 1",,"U.S. House of Rep. - District 1","John Trobough","Republican","/Custom/Picture/2532","/Custom/CandidateDetail/?id=5777"
"congress district 1","FEDERAL - LEGISLATIVE",,"U.S. House of Rep. - District 1",,"U.S. House of Rep. - District 1","Jonathan Treble","Democratic","/Custom/Picture/2536","/Custom/CandidateDetail/?id=5781"
"congress district 1","FEDERAL - LEGISLATIVE",,"U.S. House of Rep. - District 1",,"U.S. House of Rep. - District 1","Joseph Chaplik","Republican","/Custom/Picture/2380","/Custom/CandidateDetail/?id=5621"
"congress district 1","FEDERAL - LEGISLATIVE",,"U.S. House of Rep. - District 1",,"U.S. House of Rep. - District 1","Marlene Galán-Woods","Democratic","/Custom/Picture/2533","/Custom/CandidateDetail/?id=5778"
"congress district 1","FEDERAL - LEGISLATIVE",,"U.S. House of Rep. - District 1",,"U.S. House of Rep. - District 1","Monica Alponte","Libertarian","/Custom/Picture/2499","/Custom/CandidateDetail/?id=5753"
"congress district 1","FEDERAL - LEGISLATIVE",,"U.S. House of Rep. - District 1",,"U.S. House of Rep. - District 1","Rick McCartney","Democratic","/Custom/Picture/2534","/Custom/CandidateDetail/?id=5779"
"congress district 1","FEDERAL - LEGISLATIVE",,"U.S. House of Rep. - District 1",,"U.S. House of Rep. - District 1","Thomas ""Jay"" Feely IV","Republican","/Custom/Picture/2531","/Custom/CandidateDetail/?id=5776"
"congress district 2","FEDERAL - LEGISLATIVE",,"U.S. House of Rep. - District 2",,"U.S. House of Rep. - District 2","Alex Flores (Write-In)","Libertarian","/Custom/Picture/0","/Custom/CandidateDetail/?id=5834"
"congress district 2","FEDERAL - LEGISLATIVE",,"U.S. House of Rep. - District 2",,"U.S. House of Rep. - District 2","Curtis Goodwin","Libertarian","/Custom/Picture/2540","/Custom/CandidateDetail/?id=5785"
"congress district 2","FEDERAL - LEGISLATIVE",,"U.S. House of Rep. - District 2",,"U.S. House of Rep. - District 2","Eli Crane","Republican","/Custom/Picture/2538","/Custom/CandidateDetail/?id=5783"
"congress district 2","FEDERAL - LEGISLATIVE",,"U.S. House of Rep. - District 2",,"U.S. House of Rep. - District 2","Jonathan Nez","Democratic","/Custom/Picture/2539","/Custom/CandidateDetail/?id=5784"
"congress district 3","FEDERAL - LEGISLATIVE",,"U.S. House of Rep. - District 3",,"U.S. House of Rep. - District 3","Alan Aversa","No Labels","/Custom/Picture/2542","/Custom/CandidateDetail/?id=5787"
"congress district 3","FEDERAL - LEGISLATIVE",,"U.S. House of Rep. - District 3",,"U.S. House of Rep. - District 3","David Redkey (Write-In)","Green","/Custom/Picture/2544","/Custom/CandidateDetail/?id=5789"
"congress district 3","FEDERAL - LEGISLATIVE",,"U.S. House of Rep. - District 3",,"U.S. House of Rep. - District 3","Nicholas N Glenn (Write-In)","Republican","/Custom/Picture/2543","/Custom/CandidateDetail/?id=5788"
"congress district 3","FEDERAL - LEGISLATIVE",,"U.S. House of Rep. - District 3",,"U.S. House of Rep. - District 3","Yassamin Ansari","Democratic","/Custom/Picture/2541","/Custom/CandidateDetail/?id=5786"
"congress district 4","FEDERAL - LEGISLATIVE",,"U.S. House of Rep. - District 4",,"U.S. House of Rep. - District 4","Greg Stanton","Democratic","/Custom/Picture/2547","/Custom/CandidateDetail/?id=5792"
"congress district 4","FEDERAL - LEGISLATIVE",,"U.S. House of Rep. - District 4",,"U.S. House of Rep. - District 4","John Fillmore","No Labels","/Custom/Picture/2549","/Custom/CandidateDetail/?id=5794"
"congress district 4","FEDERAL - LEGISLATIVE",,"U.S. House of Rep. - District 4",,"U.S. House of Rep. - District 4","Kai Newkirk","Democratic","/Custom/Picture/2546","/Custom/CandidateDetail/?id=5791"
"congress district 4","FEDERAL - LEGISLATIVE",,"U.S. House of Rep. - District 4",,"U.S. House of Rep. - District 4","Tisha Benoit","No Labels","/Custom/Picture/2548","/Custom/CandidateDetail/?id=5793"
"congress district 4","FEDERAL - LEGISLATIVE",,"U.S. House of Rep. - District 4",,"U.S. House of Rep. - District 4","Zuhdi Jasser","Republican","/Custom/Picture/2545","/Custom/CandidateDetail/?id=5790"
"congress district 5","FEDERAL - LEGISLATIVE",,"U.S. House of Rep. - District 5",,"U.S. House of Rep. - District 5","Brian Hualde","Democratic","/Custom/Picture/2552","/Custom/CandidateDetail/?id=5797"
"congress district 5","FEDERAL - LEGISLATIVE",,"U.S. House of Rep. - District 5",,"U.S. House of Rep. - District 5","Chris James","Democratic","/Custom/Picture/2553","/Custom/CandidateDetail/?id=5798"
"congress district 5","FEDERAL - LEGISLATIVE",,"U.S. House of Rep. - District 5",,"U.S. House of Rep. - District 5","Daniel Keenan","Republican","/Custom/Picture/2550","/Custom/CandidateDetail/?id=5795"
"congress district 5","FEDERAL - LEGISLATIVE",,"U.S. House of Rep. - District 5",,"U.S. House of Rep. - District 5","Elizabeth Lee","Democratic","/Custom/Picture/2554","/Custom/CandidateDetail/?id=5799"
"congress district 5","FEDERAL - LEGISLATIVE",,"U.S. House of Rep. - District 5",,"U.S. House of Rep. - District 5","Mark Lamb","Republican","/Custom/Picture/2551","/Custom/CandidateDetail/?id=5796"
"congress district 6","FEDERAL - LEGISLATIVE",,"U.S. House of Rep. - District 6",,"U.S. House of Rep. - District 6","Gary Swing (Write-In)","Green","/Custom/Picture/2558","/Custom/CandidateDetail/?id=5803"
"congress district 6","FEDERAL - LEGISLATIVE",,"U.S. House of Rep. - District 6",,"U.S. House of Rep. - District 6","Jereme Lance Peters","Libertarian","/Custom/Picture/2557","/Custom/CandidateDetail/?id=5802"
"congress district 6","FEDERAL - LEGISLATIVE",,"U.S. House of Rep. - District 6",,"U.S. House of Rep. - District 6","JoAnna Mendoza","Democratic","/Custom/Picture/2556","/Custom/CandidateDetail/?id=5801"
"congress district 6","FEDERAL - LEGISLATIVE",,"U.S. House of Rep. - District 6",,"U.S. House of Rep. - District 6","Juan Ciscomani","Republican","/Custom/Picture/2555","/Custom/CandidateDetail/?id=5800"
"congress district 7","FEDERAL - LEGISLATIVE",,"U.S. House of Rep. - District 7",,"U.S. House of Rep. - District 7","Adelita Grijalva","Democratic","/Custom/Picture/2560","/Custom/CandidateDetail/?id=5805"
"congress district 7","FEDERAL - LEGISLATIVE",,"U.S. House of Rep. - District 7",,"U.S. House of Rep. - District 7","Daniel Francis Butierez Sr.","Republican","/Custom/Picture/2559","/Custom/CandidateDetail/?id=5804"
"congress district 8","FEDERAL - LEGISLATIVE",,"U.S. House of Rep. - District 8",,"U.S. House of Rep. - District 8","Abraham ""Abe"" Hamadeh","Republican","/Custom/Picture/2519","/Custom/CandidateDetail/?id=5773"
"congress district 8","FEDERAL - LEGISLATIVE",,"U.S. House of Rep. - District 8",,"U.S. House of Rep. - District 8","Bernadette Greene-Placentia","Democratic","/Custom/Picture/2561","/Custom/CandidateDetail/?id=5806"
"congress district 8","FEDERAL - LEGISLATIVE",,"U.S. House of Rep. - District 8",,"U.S. House of Rep. - District 8","Raymond ""Ray"" Keeler","Democratic","/Custom/Picture/2562","/Custom/CandidateDetail/?id=5807"
"congress district 9","FEDERAL - LEGISLATIVE",,"U.S. House of Rep. - District 9",,"U.S. House of Rep. - District 9","Danielle ""Dani"" Sterbinsky","Democratic","/Custom/Picture/2564","/Custom/CandidateDetail/?id=5809"
"congress district 9","FEDERAL - LEGISLATIVE",,"U.S. House of Rep. - District 9",,"U.S. House of Rep. - District 9","Paul Gosar","Republican","/Custom/Picture/2563","/Custom/CandidateDetail/?id=5808"
"state arizona","STATE - EXECUTIVE",,"Governor",,"Governor","Andy Biggs","Republican","/Custom/Picture/2425","/Custom/CandidateDetail/?id=5618"
"state arizona","STATE - EXECUTIVE",,"Governor",,"Governor","David Schweikert","Republican","/Custom/Picture/2384","/Custom/CandidateDetail/?id=5623"
"state arizona","STATE - EXECUTIVE",,"Governor",,"Governor","Hugh Lytle","No Labels","/Custom/Picture/2473","/Custom/CandidateDetail/?id=5733"
"state arizona","STATE - EXECUTIVE",,"Governor",,"Governor","Katie Hobbs","Democratic","/Custom/Picture/2343","/Custom/CandidateDetail/?id=5577"
"state arizona","STATE - EXECUTIVE",,"Governor",,"Governor","Ken Miceli","Republican","/Custom/Picture/2527","/Custom/CandidateDetail/?id=5674"
"state arizona","STATE - EXECUTIVE",,"Governor",,"Governor","Risa Lombardo","Green","/Custom/Picture/2460","/Custom/CandidateDetail/?id=5727"
"state arizona","STATE - EXECUTIVE",,"Governor",,"Governor","Scott Neely","Republican","/Custom/Picture/2282","/Custom/CandidateDetail/?id=5509"
"state arizona","STATE - EXECUTIVE",,"Governor",,"Governor","Teri Ann Hourihan","No Labels","/Custom/Picture/2366","/Custom/CandidateDetail/?id=5608"
"state arizona","STATE - EXECUTIVE",,"Secretary of State",,"Secretary of State","Adrian Fontes","Democratic","/Custom/Picture/2451","/Custom/CandidateDetail/?id=5724"
"state arizona","STATE - EXECUTIVE",,"Secretary of State",,"Secretary of State","Alexander Kolodin","Republican","/Custom/Picture/2302","/Custom/CandidateDetail/?id=5533"
"state arizona","STATE - EXECUTIVE",,"Secretary of State",,"Secretary of State","Duwayne Collier","Green","/Custom/Picture/2469","/Custom/CandidateDetail/?id=5728"
"state arizona","STATE - EXECUTIVE",,"Secretary of State",,"Secretary of State","Gina Swoboda","Republican","/Custom/Picture/2450","/Custom/CandidateDetail/?id=5701"
"state arizona","STATE - EXECUTIVE",,"Attorney General",,"Attorney General","Kris Mayes","Democratic","/Custom/Picture/2292","/Custom/CandidateDetail/?id=5520"
"state arizona","STATE - EXECUTIVE",,"Attorney General",,"Attorney General","Rodney Glassman","Republican","/Custom/Picture/2287","/Custom/CandidateDetail/?id=5514"
"state arizona","STATE - EXECUTIVE",,"Attorney General",,"Attorney General","Warren Petersen","Republican","/Custom/Picture/2427","/Custom/CandidateDetail/?id=5531"
"state arizona","STATE - EXECUTIVE",,"State Mine Inspector",,"State Mine Inspector","Brian Matlock","Democratic","/Custom/Picture/2361","/Custom/CandidateDetail/?id=5603"
"state arizona","STATE - EXECUTIVE",,"State Mine Inspector",,"State Mine Inspector","Walter ""Les"" Presmyk","Republican","/Custom/Picture/2385","/Custom/CandidateDetail/?id=5473"
"state arizona","STATE - EXECUTIVE",,"State Treasurer",,"State Treasurer","Elijah Norton","Republican","/Custom/Picture/2452","/Custom/CandidateDetail/?id=5725"
"state arizona","STATE - EXECUTIVE",,"State Treasurer",,"State Treasurer","Katherine Haley","Republican","/Custom/Picture/2386","/Custom/CandidateDetail/?id=5570"
"state arizona","STATE - EXECUTIVE",,"State Treasurer",,"State Treasurer","Nick Mansour","Democratic","/Custom/Picture/2434","/Custom/CandidateDetail/?id=5637"
"state arizona","STATE - EXECUTIVE",,"Superintendent of Public Instruction",,"Superintendent of Public Instruction","Brett Matthew Newby","Democratic","/Custom/Picture/2454","/Custom/CandidateDetail/?id=5726"
"state arizona","STATE - EXECUTIVE",,"Superintendent of Public Instruction",,"Superintendent of Public Instruction","Kimberly Yee","Republican","/Custom/Picture/2364","/Custom/CandidateDetail/?id=5606"
"state arizona","STATE - EXECUTIVE",,"Superintendent of Public Instruction",,"Superintendent of Public Instruction","Teresa Leyba Ruiz","Democratic","/Custom/Picture/2390","/Custom/CandidateDetail/?id=5629"
"state arizona","STATE - EXECUTIVE",,"Superintendent of Public Instruction",,"Superintendent of Public Instruction","Thomas Horne","Republican","/Custom/Picture/2291","/Custom/CandidateDetail/?id=5518"
"state arizona","STATE - EXECUTIVE",,"Corporation Commissioner",,"Corporation Commissioner","Clara Pratte","Democratic","/Custom/Picture/2401","/Custom/CandidateDetail/?id=5638"
"state arizona","STATE - EXECUTIVE",,"Corporation Commissioner",,"Corporation Commissioner","Jonathon Hill","Democratic","/Custom/Picture/2402","/Custom/CandidateDetail/?id=5639"
"state arizona","STATE - EXECUTIVE",,"Corporation Commissioner",,"Corporation Commissioner","Kevin Thompson","Republican","/Custom/Picture/2423","/Custom/CandidateDetail/?id=5505"
"state arizona","STATE - EXECUTIVE",,"Corporation Commissioner",,"Corporation Commissioner","Nicholas ""Nick"" Myers","Republican","/Custom/Picture/2422","/Custom/CandidateDetail/?id=5578"
"state arizona","STATE - EXECUTIVE",,"Corporation Commissioner",,"Corporation Commissioner","Ralph Heap","Republican","/Custom/Picture/2470","/Custom/CandidateDetail/?id=5732"
"leg district 1","STATE - LEGISLATIVE",,"State Senator - District 1",,"State Senator - District 1","Christine Ellen Dargon","Democratic","/Custom/Picture/2342","/Custom/CandidateDetail/?id=5506"
"leg district 1","STATE - LEGISLATIVE",,"State Senator - District 1",,"State Senator - District 1","Mark Finchem","Republican","/Custom/Picture/0","/Custom/CandidateDetail/?id=5684"
"leg district 1","STATE - LEGISLATIVE",,"State Representative - District 1",,"State Representative - District 1","Quang Huu Nguyen","Republican","/Custom/Picture/2321","/Custom/CandidateDetail/?id=5554"
"leg district 1","STATE - LEGISLATIVE",,"State Representative - District 1",,"State Representative - District 1","Sandy Zalecki","Democratic","/Custom/Picture/2279","/Custom/CandidateDetail/?id=5507"
"leg district 1","STATE - LEGISLATIVE",,"State Representative - District 1",,"State Representative - District 1","Selina Bliss","Republican","/Custom/Picture/2284","/Custom/CandidateDetail/?id=5511"
"leg district 1","STATE - LEGISLATIVE",,"State Representative - District 1",,"State Representative - District 1","Shawn Dell Wildman","Republican","/Custom/Picture/2481","/Custom/CandidateDetail/?id=5694"
"leg district 2","STATE - LEGISLATIVE",,"State Senator - District 2",,"State Senator - District 2","Amelia Gallitano","Democratic","/Custom/Picture/2393","/Custom/CandidateDetail/?id=5632"
"leg district 2","STATE - LEGISLATIVE",,"State Senator - District 2",,"State Senator - District 2","Daniel Toporek","Democratic","/Custom/Picture/2381","/Custom/CandidateDetail/?id=5624"
"leg district 2","STATE - LEGISLATIVE",,"State Senator - District 2",,"State Senator - District 2","Shawnna Bolick","Republican","/Custom/Picture/2352","/Custom/CandidateDetail/?id=5591"
"leg district 2","STATE - LEGISLATIVE",,"State Senator - District 2",,"State Senator - District 2","Timothy John Ferrara","Republican","/Custom/Picture/2438","/Custom/CandidateDetail/?id=5672"
"leg district 2","STATE - LEGISLATIVE",,"State Representative - District 2",,"State Representative - District 2","Danielle Skranak","Republican","/Custom/Picture/2305","/Custom/CandidateDetail/?id=5536"
"leg district 2","STATE - LEGISLATIVE",,"State Representative - District 2",,"State Representative - District 2","Justin Wilmeth","Republican","/Custom/Picture/2436","/Custom/CandidateDetail/?id=5670"
"leg district 2","STATE - LEGISLATIVE",,"State Representative - District 2",,"State Representative - District 2","Stephanie Simacek","Democratic","/Custom/Picture/0","/Custom/CandidateDetail/?id=5583"
"leg district 3","STATE - LEGISLATIVE",,"State Senator - District 3",,"State Senator - District 3","Jeffrey Fortney","Democratic","/Custom/Picture/2339","/Custom/CandidateDetail/?id=5575"
"leg district 3","STATE - LEGISLATIVE",,"State Senator - District 3",,"State Senator - District 3","John Kavanagh","Republican","/Custom/Picture/2340","/Custom/CandidateDetail/?id=5576"
"leg district 3","STATE - LEGISLATIVE",,"State Senator - District 3",,"State Senator - District 3","Robert Michael Wallace","Republican","/Custom/Picture/2475","/Custom/CandidateDetail/?id=5685"
"leg district 3","STATE - LEGISLATIVE",,"State Representative - District 3",,"State Representative - District 3","Cody Reim","Republican","/Custom/Picture/0","/Custom/CandidateDetail/?id=5696"
"leg district 3","STATE - LEGISLATIVE",,"State Representative - District 3",,"State Representative - District 3","George Khalaf","Republican","/Custom/Picture/2376","/Custom/CandidateDetail/?id=5616"
"leg district 3","STATE - LEGISLATIVE",,"State Representative - District 3",,"State Representative - District 3","Jay Schlum","Republican","/Custom/Picture/2313","/Custom/CandidateDetail/?id=5546"
"leg district 3","STATE - LEGISLATIVE",,"State Representative - District 3",,"State Representative - District 3","Julie Gable","Democratic","/Custom/Picture/2275","/Custom/CandidateDetail/?id=5501"
"leg district 3","STATE - LEGISLATIVE",,"State Representative - District 3",,"State Representative - District 3","Richard ""Rick"" Robert Spargo","Democratic","/Custom/Picture/2293","/Custom/CandidateDetail/?id=5522"
"leg district 3","STATE - LEGISLATIVE",,"State Representative - District 3",,"State Representative - District 3","Thomas M. Walsh II","Republican","/Custom/Picture/2476","/Custom/CandidateDetail/?id=5695"
"leg district 4","STATE - LEGISLATIVE",,"State Senator - District 4",,"State Senator - District 4","Aaron Lieberman","Democratic","/Custom/Picture/2323","/Custom/CandidateDetail/?id=5556"
"leg district 4","STATE - LEGISLATIVE",,"State Senator - District 4",,"State Senator - District 4","Carine Werner","Republican","/Custom/Picture/2355","/Custom/CandidateDetail/?id=5595"
"leg district 4","STATE - LEGISLATIVE",,"State Representative - District 4",,"State Representative - District 4","Karen Gresham","Democratic","/Custom/Picture/2294","/Custom/CandidateDetail/?id=5525"
"leg district 4","STATE - LEGISLATIVE",,"State Representative - District 4",,"State Representative - District 4","Matt Gress","Republican","/Custom/Picture/2461","/Custom/CandidateDetail/?id=5697"
"leg district 4","STATE - LEGISLATIVE",,"State Representative - District 4",,"State Representative - District 4","Pamela Carter","Republican","/Custom/Picture/2357","/Custom/CandidateDetail/?id=5597"
"leg district 4","STATE - LEGISLATIVE",,"State Representative - District 4",,"State Representative - District 4","Sandra Christensen","Republican","/Custom/Picture/2443","/Custom/CandidateDetail/?id=5678"
"leg district 4","STATE - LEGISLATIVE",,"State Representative - District 4",,"State Representative - District 4","Tammy Caputi","Democratic","/Custom/Picture/2372","/Custom/CandidateDetail/?id=5612"
"leg district 5","STATE - LEGISLATIVE",,"State Senator - District 5",,"State Senator - District 5","Christine Marsh","Democratic","/Custom/Picture/2297","/Custom/CandidateDetail/?id=5529"
"leg district 5","STATE - LEGISLATIVE",,"State Senator - District 5",,"State Senator - District 5","Jason LaForest","No Labels","/Custom/Picture/2300","/Custom/CandidateDetail/?id=5528"
"leg district 5","STATE - LEGISLATIVE",,"State Representative - District 5",,"State Representative - District 5","Aaron Marquez","Democratic","/Custom/Picture/0","/Custom/CandidateDetail/?id=5698"
"leg district 5","STATE - LEGISLATIVE",,"State Representative - District 5",,"State Representative - District 5","Sarah Liguori","Democratic","/Custom/Picture/2301","/Custom/CandidateDetail/?id=5532"
"leg district 6","STATE - LEGISLATIVE",,"State Senator - District 6",,"State Senator - District 6","Jamescita Peshlakai","Democratic","/Custom/Picture/2303","/Custom/CandidateDetail/?id=5534"
"leg district 6","STATE - LEGISLATIVE",,"State Senator - District 6",,"State Senator - District 6","Lloyd Johnson","Republican","/Custom/Picture/2514","/Custom/CandidateDetail/?id=5574"
"leg district 6","STATE - LEGISLATIVE",,"State Senator - District 6",,"State Senator - District 6","Myron Tsosie","Democratic","/Custom/Picture/2528","/Custom/CandidateDetail/?id=5686"
"leg district 6","STATE - LEGISLATIVE",,"State Representative - District 6",,"State Representative - District 6","Angela ""Walker"" Maloney","Democratic","/Custom/Picture/2333","/Custom/CandidateDetail/?id=5565"
"leg district 6","STATE - LEGISLATIVE",,"State Representative - District 6",,"State Representative - District 6","Ian Teller","Democratic","/Custom/Picture/2362","/Custom/CandidateDetail/?id=5604"
"leg district 6","STATE - LEGISLATIVE",,"State Representative - District 6",,"State Representative - District 6","Mae Peshlakai","Democratic","/Custom/Picture/2304","/Custom/CandidateDetail/?id=5535"
"leg district 7","STATE - LEGISLATIVE",,"State Senator - District 7",,"State Senator - District 7","Michiel ""Mike"" Montiel","Democratic","/Custom/Picture/0","/Custom/CandidateDetail/?id=5687"
"leg district 7","STATE - LEGISLATIVE",,"State Senator - District 7",,"State Senator - District 7","Wendy Rogers","Republican","/Custom/Picture/2281","/Custom/CandidateDetail/?id=5508"
"leg district 7","STATE - LEGISLATIVE",,"State Representative - District 7",,"State Representative - District 7","Andrew Costanzo","Republican","/Custom/Picture/2358","/Custom/CandidateDetail/?id=5598"
"leg district 7","STATE - LEGISLATIVE",,"State Representative - District 7",,"State Representative - District 7","Barby Ingle","Republican","/Custom/Picture/2415","/Custom/CandidateDetail/?id=5656"
"leg district 7","STATE - LEGISLATIVE",,"State Representative - District 7",,"State Representative - District 7","David Cook Sr.","Republican","/Custom/Picture/2309","/Custom/CandidateDetail/?id=5542"
"leg district 7","STATE - LEGISLATIVE",,"State Representative - District 7",,"State Representative - District 7","Samuel ""Sam"" Martin","Democratic","/Custom/Picture/2446","/Custom/CandidateDetail/?id=5680"
"leg district 7","STATE - LEGISLATIVE",,"State Representative - District 7",,"State Representative - District 7","Walter ""Walt"" Blackman","Republican","/Custom/Picture/2331","/Custom/CandidateDetail/?id=5563"
"leg district 8","STATE - LEGISLATIVE",,"State Senator - District 8",,"State Senator - District 8","Deborah Nardozzi","Democratic","/Custom/Picture/2260","/Custom/CandidateDetail/?id=5476"
"leg district 8","STATE - LEGISLATIVE",,"State Senator - District 8",,"State Senator - District 8","Lauren Kuby","Democratic","/Custom/Picture/2416","/Custom/CandidateDetail/?id=5651"
"leg district 8","STATE - LEGISLATIVE",,"State Representative - District 8",,"State Representative - District 8","Brian Garcia","Democratic","/Custom/Picture/2411","/Custom/CandidateDetail/?id=5652"
"leg district 8","STATE - LEGISLATIVE",,"State Representative - District 8",,"State Representative - District 8","Claudia Kline","Democratic","/Custom/Picture/2479","/Custom/CandidateDetail/?id=5700"
"leg district 8","STATE - LEGISLATIVE",,"State Representative - District 8",,"State Representative - District 8","Donald Hawker","Republican","/Custom/Picture/2486","/Custom/CandidateDetail/?id=5699"
"leg district 8","STATE - LEGISLATIVE",,"State Representative - District 8",,"State Representative - District 8","Janeen Connolly","Democratic","/Custom/Picture/2347","/Custom/CandidateDetail/?id=5585"
"leg district 9","STATE - LEGISLATIVE",,"State Senator - District 9",,"State Senator - District 9","Bridget Fitzgibbons","Republican","/Custom/Picture/2405","/Custom/CandidateDetail/?id=5641"
"leg district 9","STATE - LEGISLATIVE",,"State Senator - District 9",,"State Senator - District 9","Kiana Maria Sears","Democratic","/Custom/Picture/2359","/Custom/CandidateDetail/?id=5600"
"leg district 9","STATE - LEGISLATIVE",,"State Representative - District 9",,"State Representative - District 9","Bradley D. Bettencourt","Republican","/Custom/Picture/2487","/Custom/CandidateDetail/?id=5702"
"leg district 9","STATE - LEGISLATIVE",,"State Representative - District 9",,"State Representative - District 9","Jacob D. Martinez","Democratic","/Custom/Picture/2341","/Custom/CandidateDetail/?id=5579"
"leg district 9","STATE - LEGISLATIVE",,"State Representative - District 9",,"State Representative - District 9","Lorena Austin","Democratic","/Custom/Picture/2332","/Custom/CandidateDetail/?id=5564"
"leg district 10","STATE - LEGISLATIVE",,"State Senator - District 10",,"State Senator - District 10","Blair Moses","Democratic","/Custom/Picture/2273","/Custom/CandidateDetail/?id=5496"
"leg district 10","STATE - LEGISLATIVE",,"State Senator - District 10",,"State Senator - District 10","David Christian Farnsworth","Republican","/Custom/Picture/2501","/Custom/CandidateDetail/?id=5756"
"leg district 10","STATE - LEGISLATIVE",,"State Representative - District 10",,"State Representative - District 10","Brian  Calaway","Democratic","/Custom/Picture/2261","/Custom/CandidateDetail/?id=5477"
"leg district 10","STATE - LEGISLATIVE",,"State Representative - District 10",,"State Representative - District 10","Ciara Anderson","Republican","/Custom/Picture/2330","/Custom/CandidateDetail/?id=5562"
"leg district 10","STATE - LEGISLATIVE",,"State Representative - District 10",,"State Representative - District 10","David  Scott","No Labels","/Custom/Picture/2464","/Custom/CandidateDetail/?id=5704"
"leg district 10","STATE - LEGISLATIVE",,"State Representative - District 10",,"State Representative - District 10","Helen Hunter","Democratic","/Custom/Picture/2397","/Custom/CandidateDetail/?id=5601"
"leg district 10","STATE - LEGISLATIVE",,"State Representative - District 10",,"State Representative - District 10","James Rogers","Republican","/Custom/Picture/2388","/Custom/CandidateDetail/?id=5628"
"leg district 10","STATE - LEGISLATIVE",,"State Representative - District 10",,"State Representative - District 10","Justin Olson","Republican","/Custom/Picture/2472","/Custom/CandidateDetail/?id=5703"
"leg district 11","STATE - LEGISLATIVE",,"State Senator - District 11",,"State Senator - District 11","Catherine Miranda","Democratic","/Custom/Picture/2474","/Custom/CandidateDetail/?id=5690"
"leg district 11","STATE - LEGISLATIVE",,"State Senator - District 11",,"State Senator - District 11","Joshua Ayala","Republican","/Custom/Picture/2471","/Custom/CandidateDetail/?id=5689"
"leg district 11","STATE - LEGISLATIVE",,"State Representative - District 11",,"State Representative - District 11","Cesar Aleman","Republican","/Custom/Picture/2494","/Custom/CandidateDetail/?id=5705"
"leg district 11","STATE - LEGISLATIVE",,"State Representative - District 11",,"State Representative - District 11","Joseph Charles Dailey","Republican","/Custom/Picture/2488","/Custom/CandidateDetail/?id=5706"
"leg district 11","STATE - LEGISLATIVE",,"State Representative - District 11",,"State Representative - District 11","Junelle Cavero","Democratic","/Custom/Picture/2492","/Custom/CandidateDetail/?id=5707"
"leg district 11","STATE - LEGISLATIVE",,"State Representative - District 11",,"State Representative - District 11","Oscar De Los Santos","Democratic","/Custom/Picture/2432","/Custom/CandidateDetail/?id=5667"
"leg district 12","STATE - LEGISLATIVE",,"State Senator - District 12",,"State Senator - District 12","Anthony Ramirez","No Labels","/Custom/Picture/2400","/Custom/CandidateDetail/?id=5627"
"leg district 12","STATE - LEGISLATIVE",,"State Senator - District 12",,"State Senator - District 12","Patricia ""Patty"" Contreras","Democratic","/Custom/Picture/2353","/Custom/CandidateDetail/?id=5594"
"leg district 12","STATE - LEGISLATIVE",,"State Representative - District 12",,"State Representative - District 12","Armando Montero","Democratic","/Custom/Picture/2334","/Custom/CandidateDetail/?id=5566"
"leg district 12","STATE - LEGISLATIVE",,"State Representative - District 12",,"State Representative - District 12","David Richardson","Republican","/Custom/Picture/2396","/Custom/CandidateDetail/?id=5636"
"leg district 12","STATE - LEGISLATIVE",,"State Representative - District 12",,"State Representative - District 12","Stacey Travers","Democratic","/Custom/Picture/2455","/Custom/CandidateDetail/?id=5708"
"leg district 13","STATE - LEGISLATIVE",,"State Senator - District 13",,"State Senator - District 13","Julie Willoughby","Republican","/Custom/Picture/2389","/Custom/CandidateDetail/?id=5516"
"leg district 13","STATE - LEGISLATIVE",,"State Senator - District 13",,"State Senator - District 13","Kristie O'Brien","Democratic","/Custom/Picture/2440","/Custom/CandidateDetail/?id=5675"
"leg district 13","STATE - LEGISLATIVE",,"State Representative - District 13",,"State Representative - District 13","Debra Schinke","Republican","/Custom/Picture/2468","/Custom/CandidateDetail/?id=5709"
"leg district 13","STATE - LEGISLATIVE",,"State Representative - District 13",,"State Representative - District 13","Jacob Weinberg","Democratic","/Custom/Picture/2439","/Custom/CandidateDetail/?id=5673"
"leg district 13","STATE - LEGISLATIVE",,"State Representative - District 13",,"State Representative - District 13","Janet Weninger","Republican","/Custom/Picture/2387","/Custom/CandidateDetail/?id=5613"
"leg district 13","STATE - LEGISLATIVE",,"State Representative - District 13",,"State Representative - District 13","Kevin Hartke","Republican","/Custom/Picture/2360","/Custom/CandidateDetail/?id=5602"
"leg district 13","STATE - LEGISLATIVE",,"State Representative - District 13",,"State Representative - District 13","Racquel ""Rockee"" Armstrong","Democratic","/Custom/Picture/2335","/Custom/CandidateDetail/?id=5567"
"leg district 14","STATE - LEGISLATIVE",,"State Senator - District 14",,"State Senator - District 14","Mylie Biggs","Republican","/Custom/Picture/2525","/Custom/CandidateDetail/?id=5754"
"leg district 14","STATE - LEGISLATIVE",,"State Senator - District 14",,"State Senator - District 14","Stephanie Walsh","Democratic","/Custom/Picture/2351","/Custom/CandidateDetail/?id=5589"
"leg district 14","STATE - LEGISLATIVE",,"State Representative - District 14",,"State Representative - District 14","Jedidiah ""Jed"" Storm Lyons","Republican","/Custom/Picture/2375","/Custom/CandidateDetail/?id=5615"
"leg district 14","STATE - LEGISLATIVE",,"State Representative - District 14",,"State Representative - District 14","Laurin Hendrix","Republican","/Custom/Picture/2317","/Custom/CandidateDetail/?id=5550"
"leg district 14","STATE - LEGISLATIVE",,"State Representative - District 14",,"State Representative - District 14","Mary Rose","Democratic","/Custom/Picture/2296","/Custom/CandidateDetail/?id=5527"
"leg district 14","STATE - LEGISLATIVE",,"State Representative - District 14",,"State Representative - District 14","Tyler Andrew Farnsworth","Republican","/Custom/Picture/2370","/Custom/CandidateDetail/?id=5610"
"leg district 15","STATE - LEGISLATIVE",,"State Senator - District 15",,"State Senator - District 15","Jake Hoffman","Republican","/Custom/Picture/2407","/Custom/CandidateDetail/?id=5643"
"leg district 15","STATE - LEGISLATIVE",,"State Senator - District 15",,"State Senator - District 15","Jayme Accalia","Democratic","/Custom/Picture/2404","/Custom/CandidateDetail/?id=5599"
"leg district 15","STATE - LEGISLATIVE",,"State Representative - District 15",,"State Representative - District 15","Michael Way","Republican","/Custom/Picture/2493","/Custom/CandidateDetail/?id=5710"
"leg district 15","STATE - LEGISLATIVE",,"State Representative - District 15",,"State Representative - District 15","Neal Carter","Republican","/Custom/Picture/2392","/Custom/CandidateDetail/?id=5631"
"leg district 16","STATE - LEGISLATIVE",,"State Senator - District 16",,"State Senator - District 16","Elaine Aldrete","Democratic","/Custom/Picture/2444","/Custom/CandidateDetail/?id=5671"
"leg district 16","STATE - LEGISLATIVE",,"State Senator - District 16",,"State Senator - District 16","Thomas ""T.J."" Shope","Republican","/Custom/Picture/2457","/Custom/CandidateDetail/?id=5642"
"leg district 16","STATE - LEGISLATIVE",,"State Representative - District 16",,"State Representative - District 16","Chris Lopez","Republican","/Custom/Picture/2368","/Custom/CandidateDetail/?id=5609"
"leg district 16","STATE - LEGISLATIVE",,"State Representative - District 16",,"State Representative - District 16","Julia Romero Gusse","Democratic","/Custom/Picture/2459","/Custom/CandidateDetail/?id=5711"
"leg district 16","STATE - LEGISLATIVE",,"State Representative - District 16",,"State Representative - District 16","Teresa Martinez","Republican","/Custom/Picture/2398","/Custom/CandidateDetail/?id=5634"
"leg district 17","STATE - LEGISLATIVE",,"State Senator - District 17",,"State Senator - District 17","Anthony Dunham","Republican","/Custom/Picture/2485","/Custom/CandidateDetail/?id=5691"
"leg district 17","STATE - LEGISLATIVE",,"State Senator - District 17",,"State Senator - District 17","Christopher King","Republican","/Custom/Picture/2349","/Custom/CandidateDetail/?id=5587"
"leg district 17","STATE - LEGISLATIVE",,"State Senator - District 17",,"State Senator - District 17","Edgar Soto","Democratic","/Custom/Picture/2371","/Custom/CandidateDetail/?id=5611"
"leg district 17","STATE - LEGISLATIVE",,"State Representative - District 17",,"State Representative - District 17","Hollace ""Holly"" Lyon","Democratic","/Custom/Picture/2482","/Custom/CandidateDetail/?id=5714"
"leg district 17","STATE - LEGISLATIVE",,"State Representative - District 17",,"State Representative - District 17","John Winchester","Republican","/Custom/Picture/2428","/Custom/CandidateDetail/?id=5663"
"leg district 17","STATE - LEGISLATIVE",,"State Representative - District 17",,"State Representative - District 17","Kevin Volk","Democratic","/Custom/Picture/2463","/Custom/CandidateDetail/?id=5713"
"leg district 17","STATE - LEGISLATIVE",,"State Representative - District 17",,"State Representative - District 17","Rachel ""Jones"" Keshel","Republican","/Custom/Picture/2490","/Custom/CandidateDetail/?id=5712"
"leg district 18","STATE - LEGISLATIVE",,"State Senator - District 18",,"State Senator - District 18","Douglas Everett","Republican","/Custom/Picture/2288","/Custom/CandidateDetail/?id=5515"
"leg district 18","STATE - LEGISLATIVE",,"State Senator - District 18",,"State Senator - District 18","Priya Sundareshan","Democratic","/Custom/Picture/2431","/Custom/CandidateDetail/?id=5666"
"leg district 18","STATE - LEGISLATIVE",,"State Representative - District 18",,"State Representative - District 18","Bob Dohse","Republican","/Custom/Picture/2314","/Custom/CandidateDetail/?id=5547"
"leg district 18","STATE - LEGISLATIVE",,"State Representative - District 18",,"State Representative - District 18","Chris Mathis","Democratic","/Custom/Picture/2515","/Custom/CandidateDetail/?id=5715"
"leg district 18","STATE - LEGISLATIVE",,"State Representative - District 18",,"State Representative - District 18","Nancy Gutierrez","Democratic","/Custom/Picture/2433","/Custom/CandidateDetail/?id=5668"
"leg district 19","STATE - LEGISLATIVE",,"State Senator - District 19",,"State Senator - District 19","Gail Griffin","Republican","/Custom/Picture/2363","/Custom/CandidateDetail/?id=5605"
"leg district 19","STATE - LEGISLATIVE",,"State Representative - District 19",,"State Representative - District 19","Aiden Nicholette Swallow","Democratic","/Custom/Picture/2337","/Custom/CandidateDetail/?id=5571"
"leg district 19","STATE - LEGISLATIVE",,"State Representative - District 19",,"State Representative - District 19","Cheryl Caswell","Republican","/Custom/Picture/2289","/Custom/CandidateDetail/?id=5517"
"leg district 19","STATE - LEGISLATIVE",,"State Representative - District 19",,"State Representative - District 19","David Gowan","Republican","/Custom/Picture/2322","/Custom/CandidateDetail/?id=5555"
"leg district 19","STATE - LEGISLATIVE",,"State Representative - District 19",,"State Representative - District 19","Jackie O'Donnell Anderson","Democratic","/Custom/Picture/2346","/Custom/CandidateDetail/?id=5581"
"leg district 19","STATE - LEGISLATIVE",,"State Representative - District 19",,"State Representative - District 19","Lupe Diaz","Republican","/Custom/Picture/2311","/Custom/CandidateDetail/?id=5544"
"leg district 20","STATE - LEGISLATIVE",,"State Senator - District 20",,"State Senator - District 20","Alma Hernandez","Democratic","/Custom/Picture/2412","/Custom/CandidateDetail/?id=5653"
"leg district 20","STATE - LEGISLATIVE",,"State Senator - District 20",,"State Senator - District 20","Rocque Perez","Democratic","/Custom/Picture/2395","/Custom/CandidateDetail/?id=5633"
"leg district 20","STATE - LEGISLATIVE",,"State Representative - District 20",,"State Representative - District 20","Ben Koehler","Democratic","/Custom/Picture/2259","/Custom/CandidateDetail/?id=5474"
"leg district 20","STATE - LEGISLATIVE",,"State Representative - District 20",,"State Representative - District 20","Betty Villegas","Democratic","/Custom/Picture/2356","/Custom/CandidateDetail/?id=5596"
"leg district 20","STATE - LEGISLATIVE",,"State Representative - District 20",,"State Representative - District 20","Genoveva Diaz","Democratic","/Custom/Picture/2367","/Custom/CandidateDetail/?id=5497"
"leg district 20","STATE - LEGISLATIVE",,"State Representative - District 20",,"State Representative - District 20","Sally Ann Gonzales","Democratic","/Custom/Picture/2449","/Custom/CandidateDetail/?id=5683"
"leg district 21","STATE - LEGISLATIVE",,"State Senator - District 21",,"State Senator - District 21","Esteban Flores","Republican","/Custom/Picture/2399","/Custom/CandidateDetail/?id=5635"
"leg district 21","STATE - LEGISLATIVE",,"State Senator - District 21",,"State Senator - District 21","Rosanna Gabaldon","Democratic","/Custom/Picture/2283","/Custom/CandidateDetail/?id=5510"
"leg district 21","STATE - LEGISLATIVE",,"State Representative - District 21",,"State Representative - District 21","Christopher Kibbey","Republican","/Custom/Picture/2406","/Custom/CandidateDetail/?id=5644"
"leg district 21","STATE - LEGISLATIVE",,"State Representative - District 21",,"State Representative - District 21","Consuelo Hernandez","Democratic","/Custom/Picture/2420","/Custom/CandidateDetail/?id=5660"
"leg district 21","STATE - LEGISLATIVE",,"State Representative - District 21",,"State Representative - District 21","Maritza Higuera","Democratic","/Custom/Picture/2373","/Custom/CandidateDetail/?id=5590"
"leg district 21","STATE - LEGISLATIVE",,"State Representative - District 21",,"State Representative - District 21","Miranda Lopez","Democratic","/Custom/Picture/2506","/Custom/CandidateDetail/?id=5758"
"leg district 21","STATE - LEGISLATIVE",,"State Representative - District 21",,"State Representative - District 21","Stephanie  Stahl Hamilton","Democratic","/Custom/Picture/2354","/Custom/CandidateDetail/?id=5593"
"leg district 22","STATE - LEGISLATIVE",,"State Senator - District 22",,"State Senator - District 22","Eva Diaz","Democratic","/Custom/Picture/2502","/Custom/CandidateDetail/?id=5755"
"leg district 22","STATE - LEGISLATIVE",,"State Representative - District 22",,"State Representative - District 22","Betsy Munoz","Democratic","/Custom/Picture/2410","/Custom/CandidateDetail/?id=5648"
"leg district 22","STATE - LEGISLATIVE",,"State Representative - District 22",,"State Representative - District 22","Elda Luna-Nájera","Democratic","/Custom/Picture/2442","/Custom/CandidateDetail/?id=5677"
"leg district 22","STATE - LEGISLATIVE",,"State Representative - District 22",,"State Representative - District 22","Gwen Johnston","Democratic","/Custom/Picture/2477","/Custom/CandidateDetail/?id=5716"
"leg district 22","STATE - LEGISLATIVE",,"State Representative - District 22",,"State Representative - District 22","Steven Chapman","Democratic","/Custom/Picture/2369","/Custom/CandidateDetail/?id=5592"
"leg district 22","STATE - LEGISLATIVE",,"State Representative - District 22",,"State Representative - District 22","Veronica  Bejarano-Malone","Democratic","/Custom/Picture/2421","/Custom/CandidateDetail/?id=5492"
"leg district 23","STATE - LEGISLATIVE",,"State Senator - District 23",,"State Senator - District 23","Brian Fernandez","Democratic","/Custom/Picture/2505","/Custom/CandidateDetail/?id=5568"
"leg district 23","STATE - LEGISLATIVE",,"State Senator - District 23",,"State Senator - District 23","Michelle Altherr","Republican","/Custom/Picture/2429","/Custom/CandidateDetail/?id=5664"
"leg district 23","STATE - LEGISLATIVE",,"State Representative - District 23",,"State Representative - District 23","Emilia Cortez","Democratic","/Custom/Picture/2453","/Custom/CandidateDetail/?id=5717"
"leg district 23","STATE - LEGISLATIVE",,"State Representative - District 23",,"State Representative - District 23","Gary Garcia Snyder","Republican","/Custom/Picture/2290","/Custom/CandidateDetail/?id=5519"
"leg district 23","STATE - LEGISLATIVE",,"State Representative - District 23",,"State Representative - District 23","Juan Manuel Guerrero","Democratic","/Custom/Picture/2458","/Custom/CandidateDetail/?id=5718"
"leg district 23","STATE - LEGISLATIVE",,"State Representative - District 23",,"State Representative - District 23","Mariana Sandoval","Democratic","/Custom/Picture/2496","/Custom/CandidateDetail/?id=5502"
"leg district 23","STATE - LEGISLATIVE",,"State Representative - District 23",,"State Representative - District 23","Michele Pena","Republican","/Custom/Picture/2391","/Custom/CandidateDetail/?id=5488"
"leg district 23","STATE - LEGISLATIVE",,"State Representative - District 23",,"State Representative - District 23","Naomi  Miguel","Democratic","/Custom/Picture/0","/Custom/CandidateDetail/?id=5649"
"leg district 24","STATE - LEGISLATIVE",,"State Senator - District 24",,"State Senator - District 24","Analise Ortiz","Democratic","/Custom/Picture/2325","/Custom/CandidateDetail/?id=5537"
"leg district 24","STATE - LEGISLATIVE",,"State Senator - District 24",,"State Senator - District 24","Frank Steele","Republican","/Custom/Picture/2378","/Custom/CandidateDetail/?id=5619"
"leg district 24","STATE - LEGISLATIVE",,"State Representative - District 24",,"State Representative - District 24","Alberto Flores","Democratic","/Custom/Picture/2345","/Custom/CandidateDetail/?id=5582"
"leg district 24","STATE - LEGISLATIVE",,"State Representative - District 24",,"State Representative - District 24","Delores McLaughlin","Republican","/Custom/Picture/2478","/Custom/CandidateDetail/?id=5719"
"leg district 24","STATE - LEGISLATIVE",,"State Representative - District 24",,"State Representative - District 24","Lisbeth Arescurenaga","Democratic","/Custom/Picture/2324","/Custom/CandidateDetail/?id=5557"
"leg district 24","STATE - LEGISLATIVE",,"State Representative - District 24",,"State Representative - District 24","Lydia Hernandez","Democratic","/Custom/Picture/2526","/Custom/CandidateDetail/?id=5757"
"leg district 24","STATE - LEGISLATIVE",,"State Representative - District 24",,"State Representative - District 24","Rosa Cantu","Democratic","/Custom/Picture/2426","/Custom/CandidateDetail/?id=5662"
"leg district 25","STATE - LEGISLATIVE",,"State Senator - District 25",,"State Senator - District 25","Laura Huber","Democratic","/Custom/Picture/2257","/Custom/CandidateDetail/?id=5470"
"leg district 25","STATE - LEGISLATIVE",,"State Senator - District 25",,"State Senator - District 25","Timothy ""Tim"" Dunn","Republican","/Custom/Picture/2504","/Custom/CandidateDetail/?id=5693"
"leg district 25","STATE - LEGISLATIVE",,"State Representative - District 25",,"State Representative - District 25","Michael Carbone","Republican","/Custom/Picture/2365","/Custom/CandidateDetail/?id=5607"
"leg district 25","STATE - LEGISLATIVE",,"State Representative - District 25",,"State Representative - District 25","Nickolas ""Nick"" Kupper","Republican","/Custom/Picture/2319","/Custom/CandidateDetail/?id=5552"
"leg district 25","STATE - LEGISLATIVE",,"State Representative - District 25",,"State Representative - District 25","Tiffany Byrne","Democratic","/Custom/Picture/2299","/Custom/CandidateDetail/?id=5524"
"leg district 26","STATE - LEGISLATIVE",,"State Senator - District 26",,"State Senator - District 26","Flavio Bravo","Democratic","/Custom/Picture/2447","/Custom/CandidateDetail/?id=5681"
"leg district 26","STATE - LEGISLATIVE",,"State Senator - District 26",,"State Senator - District 26","Jim Bishop","Republican","/Custom/Picture/2308","/Custom/CandidateDetail/?id=5541"
"leg district 26","STATE - LEGISLATIVE",,"State Representative - District 26",,"State Representative - District 26","Cesar Aguilar","Democratic","/Custom/Picture/2513","/Custom/CandidateDetail/?id=5495"
"leg district 26","STATE - LEGISLATIVE",,"State Representative - District 26",,"State Representative - District 26","Frank Roberts","Republican","/Custom/Picture/2379","/Custom/CandidateDetail/?id=5622"
"leg district 26","STATE - LEGISLATIVE",,"State Representative - District 26",,"State Representative - District 26","Hector  Gomez","Green","/Custom/Picture/0","/Custom/CandidateDetail/?id=5584"
"leg district 26","STATE - LEGISLATIVE",,"State Representative - District 26",,"State Representative - District 26","Jonathan McKenna","Republican","/Custom/Picture/2307","/Custom/CandidateDetail/?id=5540"
"leg district 26","STATE - LEGISLATIVE",,"State Representative - District 26",,"State Representative - District 26","Quanta Crews","Democratic","/Custom/Picture/2409","/Custom/CandidateDetail/?id=5645"
"leg district 27","STATE - LEGISLATIVE",,"State Senator - District 27",,"State Senator - District 27","Anthony Kern","Republican","/Custom/Picture/2350","/Custom/CandidateDetail/?id=5588"
"leg district 27","STATE - LEGISLATIVE",,"State Senator - District 27",,"State Senator - District 27","Kevin Payne","Republican","/Custom/Picture/2327","/Custom/CandidateDetail/?id=5559"
"leg district 27","STATE - LEGISLATIVE",,"State Senator - District 27",,"State Senator - District 27","Kyle Clayton","Democratic","/Custom/Picture/0","/Custom/CandidateDetail/?id=5521"
"leg district 27","STATE - LEGISLATIVE",,"State Representative - District 27",,"State Representative - District 27","Deborah Howard","Democratic","/Custom/Picture/2500","/Custom/CandidateDetail/?id=5630"
"leg district 27","STATE - LEGISLATIVE",,"State Representative - District 27",,"State Representative - District 27","Lisa Fink","Republican","/Custom/Picture/2329","/Custom/CandidateDetail/?id=5561"
"leg district 27","STATE - LEGISLATIVE",,"State Representative - District 27",,"State Representative - District 27","Tony Rivero","Republican","/Custom/Picture/2328","/Custom/CandidateDetail/?id=5560"
"leg district 28","STATE - LEGISLATIVE",,"State Senator - District 28",,"State Senator - District 28","Frank Carroll","Republican","/Custom/Picture/2318","/Custom/CandidateDetail/?id=5551"
"leg district 28","STATE - LEGISLATIVE",,"State Senator - District 28",,"State Senator - District 28","Michael Braun","Democratic","/Custom/Picture/2258","/Custom/CandidateDetail/?id=5471"
"leg district 28","STATE - LEGISLATIVE",,"State Representative - District 28",,"State Representative - District 28","Barbara Fike","Democratic","/Custom/Picture/0","/Custom/CandidateDetail/?id=5573"
"leg district 28","STATE - LEGISLATIVE",,"State Representative - District 28",,"State Representative - District 28","Beverly Pingerelli","Republican","/Custom/Picture/2326","/Custom/CandidateDetail/?id=5558"
"leg district 28","STATE - LEGISLATIVE",,"State Representative - District 28",,"State Representative - District 28","David Livingston","Republican","/Custom/Picture/2315","/Custom/CandidateDetail/?id=5548"
"leg district 28","STATE - LEGISLATIVE",,"State Representative - District 28",,"State Representative - District 28","Heather Rooks","Republican","/Custom/Picture/2480","/Custom/CandidateDetail/?id=5720"
"leg district 28","STATE - LEGISLATIVE",,"State Representative - District 28",,"State Representative - District 28","Marc Graham","Democratic","/Custom/Picture/2498","/Custom/CandidateDetail/?id=5650"
"leg district 29","STATE - LEGISLATIVE",,"State Senator - District 29",,"State Senator - District 29","Eric Stafford","Democratic","/Custom/Picture/2280","/Custom/CandidateDetail/?id=5487"
"leg district 29","STATE - LEGISLATIVE",,"State Senator - District 29",,"State Senator - District 29","Janae Shamp","Republican","/Custom/Picture/2316","/Custom/CandidateDetail/?id=5549"
"leg district 29","STATE - LEGISLATIVE",,"State Representative - District 29",,"State Representative - District 29","Christine Marie Scianna","Democratic","/Custom/Picture/2456","/Custom/CandidateDetail/?id=5721"
"leg district 29","STATE - LEGISLATIVE",,"State Representative - District 29",,"State Representative - District 29","James  Taylor","Republican","/Custom/Picture/2306","/Custom/CandidateDetail/?id=5539"
"leg district 29","STATE - LEGISLATIVE",,"State Representative - District 29",,"State Representative - District 29","Steve Montenegro","Republican","/Custom/Picture/2312","/Custom/CandidateDetail/?id=5545"
"leg district 30","STATE - LEGISLATIVE",,"State Senator - District 30",,"State Senator - District 30","Leo Biasiucci","Republican","/Custom/Picture/2338","/Custom/CandidateDetail/?id=5572"
"leg district 30","STATE - LEGISLATIVE",,"State Representative - District 30",,"State Representative - District 30","Brian McMahan","Democratic","/Custom/Picture/2448","/Custom/CandidateDetail/?id=5682"
"leg district 30","STATE - LEGISLATIVE",,"State Representative - District 30",,"State Representative - District 30","Caroline Strecker","Republican","/Custom/Picture/0","/Custom/CandidateDetail/?id=5723"
"leg district 30","STATE - LEGISLATIVE",,"State Representative - District 30",,"State Representative - District 30","Catherine Lopez-Rajaniemi","Republican","/Custom/Picture/2522","/Custom/CandidateDetail/?id=5722"
"leg district 30","STATE - LEGISLATIVE",,"State Representative - District 30",,"State Representative - District 30","David Rose","Republican","/Custom/Picture/2320","/Custom/CandidateDetail/?id=5553"
"leg district 30","STATE - LEGISLATIVE",,"State Representative - District 30",,"State Representative - District 30","Grace Hecht","Republican","/Custom/Picture/2419","/Custom/CandidateDetail/?id=5659"
"leg district 30","STATE - LEGISLATIVE",,"State Representative - District 30",,"State Representative - District 30","Mike Gannuscio","Republican","/Custom/Picture/2310","/Custom/CandidateDetail/?id=5543"
"County Apache","COUNTY","Apache",,"Attorney","Attorney","Jasmine Blackwater-Nygren","Democratic","/Custom/Picture/0","/Custom/CandidateDetail/?id=5736"
"County Cochise","COUNTY","Cochise",,"Recorder","Recorder","Billy Cloud","Republican","/Custom/Picture/0","/Custom/CandidateDetail/?id=5739"
"County Gila","COUNTY","Gila",,"Recorder","Recorder","Wendy Mannigel-Smith","Republican","/Custom/Picture/2503","/Custom/CandidateDetail/?id=5741"
"County La Paz","COUNTY","La Paz",,"Assessor","Assessor","Kari Ann Noeltner","Republican","/Custom/Picture/2295","/Custom/CandidateDetail/?id=5526"
"County La Paz ","COUNTY","La Paz ",,"County School Superintendent","County School Superintendent","Lonnie  Lewis","Republican","/Custom/Picture/2286","/Custom/CandidateDetail/?id=5494"
"County Pima","COUNTY","Pima",,"Board of Supervisors Dist. 5","Board of Supervisors Dist. 5","Andrés Cano","Democratic","/Custom/Picture/2424","/Custom/CandidateDetail/?id=5661"
"County Santa Cruz","COUNTY","Santa Cruz",,"County School Superintendent","County School Superintendent","Maya Donnelly","Democratic","/Custom/Picture/0","/Custom/CandidateDetail/?id=5523"
"County Santa Cruz","COUNTY","Santa Cruz",,"County School Superintendent","County School Superintendent","Sonia Sanchez","Democratic","/Custom/Picture/2491","/Custom/CandidateDetail/?id=5746"
"County Yavapai","COUNTY","Yavapai",,"Board of Supervisors Dist. 2","Board of Supervisors Dist. 2","Marie Moore","Republican","/Custom/Picture/2521","/Custom/CandidateDetail/?id=5748"
"County Yavapai","COUNTY","Yavapai",,"Board of Supervisors Dist. 2","Board of Supervisors Dist. 2","Wiley Cline","Republican","/Custom/Picture/0","/Custom/CandidateDetail/?id=5749"
"County Flagstaff","COUNTY - JUDICIAL","Flagstaff",,"Constable","Constable","Ernesto Fonseca","Democratic","/Custom/Picture/0","/Custom/CandidateDetail/?id=5837"
"County Williams","COUNTY - JUDICIAL","Williams",,"Constable","Constable","Gregory King","Republican","/Custom/Picture/0","/Custom/CandidateDetail/?id=5838"
"County Apache","COUNTY - LEGISLATIVE","Apache",,"Clerk of the Superior Court","Clerk of the Superior Court","Samceita Begay","Democratic","/Custom/Picture/2497","/Custom/CandidateDetail/?id=5737"
"County Apache","COUNTY - LEGISLATIVE","Apache",,"Clerk of the Superior Court","Clerk of the Superior Court","Wendy Shepherd","Democratic","/Custom/Picture/0","/Custom/CandidateDetail/?id=5738"
"County Cochise","COUNTY - LEGISLATIVE","Cochise",,"Clerk of the Superior Court","Clerk of the Superior Court","Amy Hunley","Republican","/Custom/Picture/2466","/Custom/CandidateDetail/?id=5730"
"County Coconino","COUNTY - LEGISLATIVE","Coconino",,"Clerk of the Superior Court","Clerk of the Superior Court","Bradley Crossland","Democratic","/Custom/Picture/0","/Custom/CandidateDetail/?id=5740"
"County Flagstaff","COUNTY - LEGISLATIVE","Flagstaff",,"Justice of the Peace","Justice of the Peace","Howard Grodman","Democratic","/Custom/Picture/0","/Custom/CandidateDetail/?id=5839"
"County Fredonia","COUNTY - LEGISLATIVE","Fredonia",,"Justice of the Peace","Justice of the Peace","Serena Cutchen","Republican","/Custom/Picture/0","/Custom/CandidateDetail/?id=5849"
"County Gila","COUNTY - LEGISLATIVE","Gila",,"Clerk of the Superior Court","Clerk of the Superior Court","Anita Escobedo","Democratic","/Custom/Picture/2484","/Custom/CandidateDetail/?id=5734"
"County Graham","COUNTY - LEGISLATIVE","Graham",,"Clerk of the Superior Court","Clerk of the Superior Court","Heidi Torrio","Republican","/Custom/Picture/2483","/Custom/CandidateDetail/?id=5735"
"County Greenlee","COUNTY - LEGISLATIVE","Greenlee",,"Clerk of the Superior Court","Clerk of the Superior Court","Madeline Montoya","Democratic","/Custom/Picture/0","/Custom/CandidateDetail/?id=5742"
"County La Paz","COUNTY - LEGISLATIVE","La Paz",,"Clerk of the Superior Court","Clerk of the Superior Court","Hollie Lucas","Republican","/Custom/Picture/0","/Custom/CandidateDetail/?id=5743"
"County Maricopa","COUNTY - LEGISLATIVE","Maricopa",,"Clerk of the Superior Court","Clerk of the Superior Court","Jeff Dial","Republican","/Custom/Picture/2414","/Custom/CandidateDetail/?id=5647"
"County Maricopa","COUNTY - LEGISLATIVE","Maricopa",,"Clerk of the Superior Court","Clerk of the Superior Court","Sebastian Seb Maximiliano Matta","Democratic","/Custom/Picture/2465","/Custom/CandidateDetail/?id=5729"
"County Mohave","COUNTY - LEGISLATIVE","Mohave",,"Clerk of the Superior Court","Clerk of the Superior Court","Christina Spurlock","Republican","/Custom/Picture/2274","/Custom/CandidateDetail/?id=5499"
"County Navajo","COUNTY - LEGISLATIVE","Navajo",,"Clerk of the Superior Court","Clerk of the Superior Court","Michael Sample","Republican","/Custom/Picture/0","/Custom/CandidateDetail/?id=5744"
"County Page","COUNTY - LEGISLATIVE","Page",,"Justice of the Peace","Justice of the Peace","Michael R. Barnes","Democratic","/Custom/Picture/0","/Custom/CandidateDetail/?id=5840"
"County Pima","COUNTY - LEGISLATIVE","Pima",,"Clerk of the Superior Court","Clerk of the Superior Court","James Giacomino","Democratic","/Custom/Picture/2467","/Custom/CandidateDetail/?id=5731"
"County Pinal","COUNTY - LEGISLATIVE","Pinal",,"Clerk of the Superior Court","Clerk of the Superior Court","Rebecca Padilla","Republican","/Custom/Picture/0","/Custom/CandidateDetail/?id=5745"
"County Santa Cruz","COUNTY - LEGISLATIVE","Santa Cruz",,"Clerk of the Superior Court","Clerk of the Superior Court","Juan Pablo Guzman","Democratic","/Custom/Picture/0","/Custom/CandidateDetail/?id=5747"
"County Williams","COUNTY - LEGISLATIVE","Williams",,"Justice of the Peace","Justice of the Peace","Rob Krombeen","Republican","/Custom/Picture/0","/Custom/CandidateDetail/?id=5850"
"County Yavapai","COUNTY - LEGISLATIVE","Yavapai",,"Clerk of the Superior Court","Clerk of the Superior Court","Charlie Van Landingham","Republican","/Custom/Picture/0","/Custom/CandidateDetail/?id=5751"
"County Yuma","COUNTY - LEGISLATIVE","Yuma",,"Clerk of the Superior Court","Clerk of the Superior Court","Bobbie Jo Daily","Republican","/Custom/Picture/2383","/Custom/CandidateDetail/?id=5626"
"County Yuma","COUNTY - LEGISLATIVE","Yuma",,"Clerk of the Superior Court","Clerk of the Superior Court","Malba Alvarez","Republican","/Custom/Picture/2495","/Custom/CandidateDetail/?id=5752"
"City Avondale","CITY - LEGISLATIVE","Avondale",,"City Council","City Council","Bryan Kilgore","Non-partisan","/Custom/Picture/0","/Custom/CandidateDetail/?id=5770"
"City Avondale","CITY - LEGISLATIVE","Avondale",,"City Council","City Council","Levi Johnston","Non-partisan","/Custom/Picture/0","/Custom/CandidateDetail/?id=5771"
"City Avondale","CITY - LEGISLATIVE","Avondale",,"City Council","City Council","Max White","Non-partisan","/Custom/Picture/2523","/Custom/CandidateDetail/?id=5769"
"City Avondale","CITY - LEGISLATIVE","Avondale",,"City Council","City Council","Natosha Edmonds","Non-partisan","/Custom/Picture/2516","/Custom/CandidateDetail/?id=5767"
"City Avondale","CITY - LEGISLATIVE","Avondale",,"City Council","City Council","Patti Nielson","Non-partisan","/Custom/Picture/2518","/Custom/CandidateDetail/?id=5768"
"City Avondale","CITY - LEGISLATIVE","Avondale",,"City Council","City Council","Ramon Sanchez","Non-partisan","/Custom/Picture/2529","/Custom/CandidateDetail/?id=5772"
"City Chandler","CITY - LEGISLATIVE","Chandler",,"Mayor","Mayor","Jeff Weninger","Non-partisan","/Custom/Picture/2565","/Custom/CandidateDetail/?id=5654"
"City Chandler","CITY - LEGISLATIVE","Chandler",,"City Council","City Council","Ron Hardin","Republican","/Custom/Picture/2374","/Custom/CandidateDetail/?id=5614"
"City Flagstaff","CITY - LEGISLATIVE","Flagstaff",,"City Council","City Council","Austin Aslan","Non-partisan","/Custom/Picture/0","/Custom/CandidateDetail/?id=5810"
"City Flagstaff","CITY - LEGISLATIVE","Flagstaff",,"City Council","City Council","C.J. Lucke","Non-partisan","/Custom/Picture/0","/Custom/CandidateDetail/?id=5814"
"City Flagstaff","CITY - LEGISLATIVE","Flagstaff",,"City Council","City Council","Drew Stanley","Non-partisan","/Custom/Picture/0","/Custom/CandidateDetail/?id=5816"
"City Flagstaff","CITY - LEGISLATIVE","Flagstaff",,"City Council","City Council","Khara House","Non-partisan","/Custom/Picture/0","/Custom/CandidateDetail/?id=5813"
"City Flagstaff","CITY - LEGISLATIVE","Flagstaff",,"City Council","City Council","Lori Matthews","Non-partisan","/Custom/Picture/0","/Custom/CandidateDetail/?id=5815"
"City Flagstaff","CITY - LEGISLATIVE","Flagstaff",,"City Council","City Council","Nancy Baca","Non-partisan","/Custom/Picture/0","/Custom/CandidateDetail/?id=5811"
"City Flagstaff","CITY - LEGISLATIVE","Flagstaff",,"City Council","City Council","Patty Hansen","Non-partisan","/Custom/Picture/0","/Custom/CandidateDetail/?id=5812"
"City Fredonia","CITY - LEGISLATIVE","Fredonia",,"Mayor","Mayor","Donald Johnson","Non-partisan","/Custom/Picture/0","/Custom/CandidateDetail/?id=5847"
"City Fredonia","CITY - LEGISLATIVE","Fredonia",,"City Council","City Council","Kenneth Johnson","Non-partisan","/Custom/Picture/0","/Custom/CandidateDetail/?id=5832"
"City Fredonia","CITY - LEGISLATIVE","Fredonia",,"City Council","City Council","Marilyn Lucus","Non-partisan","/Custom/Picture/0","/Custom/CandidateDetail/?id=5833"
"City Fredonia","CITY - LEGISLATIVE","Fredonia",,"City Council","City Council","Michael Gamble","Non-partisan","/Custom/Picture/0","/Custom/CandidateDetail/?id=5831"
"City Goodyear","CITY - LEGISLATIVE","Goodyear",,"City Council","City Council","Brannon Hampton","Non-partisan","/Custom/Picture/2524","/Custom/CandidateDetail/?id=5774"
"City Goodyear","CITY - LEGISLATIVE","Goodyear",,"City Council","City Council","Jason N. Kish","Non-partisan","/Custom/Picture/2530","/Custom/CandidateDetail/?id=5775"
"City Goodyear","CITY - LEGISLATIVE","Goodyear",,"City Council","City Council","Sheri Lauritano","Non-partisan","/Custom/Picture/2512","/Custom/CandidateDetail/?id=5766"
"City Lake Havasu City","CITY - LEGISLATIVE","Lake Havasu City",,"Mayor","Mayor","John Grapentin","Republican","/Custom/Picture/2348","/Custom/CandidateDetail/?id=5586"
"City Mesa","CITY - LEGISLATIVE","Mesa",,"City Council - District 5","City Council - District 5","Danny Hart","Democratic","/Custom/Picture/2520","/Custom/CandidateDetail/?id=5538"
"City Page","CITY - LEGISLATIVE","Page",,"Mayor","Mayor","Bill Diak","Non-partisan","/Custom/Picture/0","/Custom/CandidateDetail/?id=5841"
"City Page","CITY - LEGISLATIVE","Page",,"Mayor","Mayor","Steven R Kidman","Non-partisan","/Custom/Picture/0","/Custom/CandidateDetail/?id=5842"
"City Page","CITY - LEGISLATIVE","Page",,"City Council","City Council","John Kocjan","Non-partisan","/Custom/Picture/0","/Custom/CandidateDetail/?id=5819"
"City Page","CITY - LEGISLATIVE","Page",,"City Council","City Council","Kenna Hettinger","Non-partisan","/Custom/Picture/0","/Custom/CandidateDetail/?id=5818"
"City Page","CITY - LEGISLATIVE","Page",,"City Council","City Council","Michael Farrow","Non-partisan","/Custom/Picture/0","/Custom/CandidateDetail/?id=5817"
"City Page","CITY - LEGISLATIVE","Page",,"City Council","City Council","Michael Cody Woods","Non-partisan","/Custom/Picture/0","/Custom/CandidateDetail/?id=5820"
"City Prescott Valley","CITY - LEGISLATIVE","Prescott Valley",,"Mayor","Mayor","Kell Palguta","Non-partisan","/Custom/Picture/2509","/Custom/CandidateDetail/?id=5759"
"City Prescott Valley","CITY - LEGISLATIVE","Prescott Valley",,"Mayor","Mayor","Lawrence Neigel","Non-partisan","/Custom/Picture/2510","/Custom/CandidateDetail/?id=5760"
"City Prescott Valley","CITY - LEGISLATIVE","Prescott Valley",,"City Council - 2 Year Term","City Council - 2 Year Term","Jason Thornton","Non-partisan","/Custom/Picture/2508","/Custom/CandidateDetail/?id=5761"
"City Prescott Valley","CITY - LEGISLATIVE","Prescott Valley",,"City Council - 2 Year Term","City Council - 2 Year Term","Kymberli Lopez","Non-partisan","/Custom/Picture/2566","/Custom/CandidateDetail/?id=5762"
"City Prescott Valley","CITY - LEGISLATIVE","Prescott Valley",,"City Council - 4 Year Term","City Council - 4 Year Term","Charles Ables","Non-partisan","/Custom/Picture/2507","/Custom/CandidateDetail/?id=5763"
"City Prescott Valley","CITY - LEGISLATIVE","Prescott Valley",,"City Council - 4 Year Term","City Council - 4 Year Term","Kendall Schumacher","Non-partisan","/Custom/Picture/2511","/Custom/CandidateDetail/?id=5764"
"City Prescott Valley","CITY - LEGISLATIVE","Prescott Valley",,"City Council - 4 Year Term","City Council - 4 Year Term","Michael Greer","Non-partisan","/Custom/Picture/2517","/Custom/CandidateDetail/?id=5765"
"City Sedona","CITY - LEGISLATIVE","Sedona",,"Mayor","Mayor","Brian Fultz","Non-partisan","/Custom/Picture/0","/Custom/CandidateDetail/?id=5843"
"City Sedona","CITY - LEGISLATIVE","Sedona",,"Mayor","Mayor","Henry Silbiger","Non-partisan","/Custom/Picture/0","/Custom/CandidateDetail/?id=5844"
"City Sedona","CITY - LEGISLATIVE","Sedona",,"City Council","City Council","Jean Buillet","Non-partisan","/Custom/Picture/0","/Custom/CandidateDetail/?id=5821"
"City Sedona","CITY - LEGISLATIVE","Sedona",,"City Council","City Council","Lita Loesch Boyd","Non-partisan","/Custom/Picture/0","/Custom/CandidateDetail/?id=5825"
"City Sedona","CITY - LEGISLATIVE","Sedona",,"City Council","City Council","Melissa Dunn","Non-partisan","/Custom/Picture/0","/Custom/CandidateDetail/?id=5822"
"City Sedona","CITY - LEGISLATIVE","Sedona",,"City Council","City Council","Rich Gay","Non-partisan","/Custom/Picture/0","/Custom/CandidateDetail/?id=5823"
"City Sedona","CITY - LEGISLATIVE","Sedona",,"City Council","City Council","Tony Hauserman","Non-partisan","/Custom/Picture/0","/Custom/CandidateDetail/?id=5824"
"City Tusayan","CITY - LEGISLATIVE","Tusayan",,"Mayor","Mayor","Clarinda Vail","Non-partisan","/Custom/Picture/0","/Custom/CandidateDetail/?id=5848"
"City Tusayan","CITY - LEGISLATIVE","Tusayan",,"City Council","City Council","Josh Collet","Non-partisan","/Custom/Picture/0","/Custom/CandidateDetail/?id=5835"
"City Williams","CITY - LEGISLATIVE","Williams",,"Mayor","Mayor","John W. Moore","Non-partisan","/Custom/Picture/0","/Custom/CandidateDetail/?id=5846"
"City Williams","CITY - LEGISLATIVE","Williams",,"Mayor","Mayor","Kerry Lynn Carter-Moede","Non-partisan","/Custom/Picture/0","/Custom/CandidateDetail/?id=5845"
"City Williams","CITY - LEGISLATIVE","Williams",,"City Council","City Council","Darlene Foster","Non-partisan","/Custom/Picture/0","/Custom/CandidateDetail/?id=5828"
"City Williams","CITY - LEGISLATIVE","Williams",,"City Council","City Council","Jeremy Peasley","Non-partisan","/Custom/Picture/0","/Custom/CandidateDetail/?id=5830"
"City Williams","CITY - LEGISLATIVE","Williams",,"City Council","City Council","Ken Edes","Non-partisan","/Custom/Picture/0","/Custom/CandidateDetail/?id=5827"
"City Williams","CITY - LEGISLATIVE","Williams",,"City Council","City Council","Lee A. Payne","Non-partisan","/Custom/Picture/0","/Custom/CandidateDetail/?id=5829"
"City Williams","CITY - LEGISLATIVE","Williams",,"City Council","City Council","Michelle Campbell","Non-partisan","/Custom/Picture/0","/Custom/CandidateDetail/?id=5826"
"City Yuma","CITY - LEGISLATIVE","Yuma",,"Mayor","Mayor","Carlos Adams","Non-partisan","/Custom/Picture/2285","/Custom/CandidateDetail/?id=5512"
